rep,condition,disp_rate,kernel_exp,disturb_rate,temp_noise_color,temp_noise_sd,spat_heterogeneity,env_temp_cv_mean.env_temp_cv_mean,env_spat_cv_mean.env_spat_cv_mean,CV_S_L,CV_C_L,CV_S_R,CV_C_R,phi_S_L2R,phi_C_L2R,phi_S2C_L,phi_S2C_R,alpha_div,beta_div,gamma_div,beta_spatial,beta_temporal,local_dsr_richness,local_dsr_cv
1,stable,1e-5,0,0,0,0.1,0.1,0.2682452857039555,0.30119202450540333,0.19821570136502795,0.08813055977007915,0.08742436834292648,0.01610993597928828,0.44105672628793646,0.1827962516216503,0.4446194684031646,0.18427283244525425,3.110000000000002,10.289486757107788,32,0.792883934202113,0.010889839329609576,3.11,0.08919197221002134
1,stable,1.8329807108324375e-5,0,0,0,0.1,0.1,0.2682452857039555,0.30119202450540333,0.1982148960973264,0.09112344235428381,0.08688264615484517,0.0190634405825968,0.4383255136999619,0.2092045700872341,0.45972045566918884,0.21941597575908653,3.0387000000000017,10.531032573372437,32,0.7998103868447756,0.01020344697114545,3.0387,0.09253239741858404
1,stable,3.359818286283781e-5,0,0,0,0.1,0.1,0.2682452857039555,0.30119202450540333,0.2032862153392382,0.08985164221776461,0.08072664542608282,0.01891837603170024,0.39710831003159025,0.21055125498819074,0.44199574510166745,0.23435107369874314,3.1965000000000003,10.011100863380278,32,0.7367011149889235,0.012411496668611363,3.1965,0.09095938764305907
1,stable,6.158482110660267e-5,0,0,0,0.1,0.1,0.2682452857039555,0.30119202450540333,0.21799851404519885,0.09065559057849758,0.09371630841217181,0.015606617424627899,0.4298942532825755,0.17215284049265905,0.4158541675183228,0.1665304330596202,3.3637999999999995,8.918770345740022,30,0.7294893606349685,0.01813678229135159,3.3638,0.0920249896567858
1,stable,1.1288378916846884e-4,0,0,0,0.1,0.1,0.2682452857039555,0.30119202450540333,0.2412305714706318,0.09120153580368265,0.09465390724749297,0.015261606285058122,0.3923794014599698,0.16733935619143236,0.3780679009616566,0.1612358826894845,3.4602,9.248867123839728,32,0.7700750609105353,0.026280307270807633,3.4602,0.09257968615082642
1,stable,2.0691380811147902e-4,0,0,0,0.1,0.1,0.2682452857039555,0.30119202450540333,0.2435540097961922,0.09178944796837812,0.09301522906249529,0.015992160330681945,0.38190801761108806,0.174226566175573,0.3768751253374486,0.17193055902638368,3.597800000000001,7.227228668367104,26,0.6842785177115196,0.02479453290687616,3.5978,0.09268969283414596
1,stable,3.79269019073225e-4,0,0,0,0.1,0.1,0.2682452857039555,0.30119202450540333,0.2370178649684403,0.08921165558920177,0.07943926146485412,0.018802154668563983,0.33516149289181946,0.21075894785703098,0.3763921154259009,0.2366859198065747,3.932399999999999,5.841025343332547,22.97,0.4706394120356204,0.02480611951810313,3.9324,0.09019544578628218
1,stable,6.951927961775605e-4,0,0,0,0.1,0.1,0.2682452857039555,0.30119202450540333,0.2478440310193453,0.09047127572007369,0.08161641400077257,0.0203410324677254,0.32930554617392443,0.22483415101454293,0.36503310306880865,0.24922722612552975,4.153499999999999,5.428117607628455,22.55,0.4077345417741109,0.026672879546020795,4.1535,0.09102484032054159
1,stable,0.0012742749857031334,0,0,0,0.1,0.1,0.2682452857039555,0.30119202450540333,0.25310609518406163,0.09042301725131545,0.08305742890305788,0.020275732423731672,0.32815262249080795,0.22423198252032125,0.35725341653885817,0.24411702470825208,4.309699999999999,3.5575173578289165,15.33,0.31820415208547753,0.027123514248741085,4.3097,0.09108199502007813
1,stable,0.002335721469090121,0,0,0,0.1,0.1,0.2682452857039555,0.30119202450540333,0.24964598883803638,0.0895058800144671,0.08101728804740217,0.02001621197532389,0.32452869931735223,0.22363013437875376,0.35853121626775314,0.24706099719868013,4.4155,2.8992117844407956,12.8,0.28167781721879204,0.026330794765942786,4.4155,0.09012749705048889
1,stable,0.004281332398719391,0,0,0,0.1,0.1,0.2682452857039555,0.30119202450540333,0.3089235610687476,0.0923984084283806,0.11119740390943028,0.023465192877753,0.3599511915657495,0.25395667822505,0.2990979649098967,0.2110228481311064,4.971,2.4146789534882513,12,0.27951520035507954,0.045681612095023,4.971,0.09300617779887843
1,stable,0.007847599703514606,0,0,0,0.1,0.1,0.2682452857039555,0.30119202450540333,0.40744336595226427,0.0929276167442581,0.1550934185352434,0.023846166648228518,0.38065024858795715,0.25661011746222306,0.2280749289587045,0.1537535691291099,6.184100000000001,2.0019880593068358,12.38,0.2859462839568031,0.07382174635505559,6.1841,0.09328630898420635
1,stable,0.01438449888287663,0,0,0,0.1,0.1,0.2682452857039555,0.30119202450540333,0.42412607938942865,0.09377676077030624,0.19291695757143734,0.027487149733635478,0.45485756935569804,0.29311259535783724,0.22110585820449224,0.14248177080782004,6.6426,1.3558523115830636,9,0.19771501518984444,0.07360467774946029,6.6426,0.09410654853923228
1,stable,0.026366508987303583,0,0,0,0.1,0.1,0.2682452857039555,0.30119202450540333,0.45157024144791585,0.0956586511864114,0.22224585277185116,0.03389924829641707,0.4921623091442907,0.3543772348447305,0.21183559589686707,0.15253039763678608,7.054300000000004,1.2787856666262731,9,0.13918696773077888,0.07932688151576878,7.0543000000000005,0.09590441263923201
1,stable,0.04832930238571752,0,0,0,0.1,0.1,0.2682452857039555,0.30119202450540333,0.38516403106548996,0.09825111343965354,0.22887069861216025,0.04004751741137894,0.5942161784396868,0.4076037004504421,0.2550890153679687,0.17497878782308726,5.962100000000003,1.006390985132484,6,0.04596837894423047,0.04678692196194856,5.9621,0.09883833833393725
1,stable,0.08858667904100823,0,0,0,0.1,0.1,0.2682452857039555,0.30119202450540333,0.3817012346747386,0.09730965010442648,0.24685560489002784,0.04457836998985976,0.6467246696238287,0.4581084192782639,0.25493669201082764,0.18058479980521028,5.986000000000005,1.0023512882468408,6,0.029908379517542914,0.04429632564113326,5.986,0.09763607818135187
1,stable,0.1623776739188721,0,0,0,0.1,0.1,0.2682452857039555,0.30119202450540333,0.3652386865752091,0.09624005716172387,0.24962888661750995,0.0454452894135804,0.6834678137692486,0.4722076311448273,0.2634990779978789,0.18205140450437232,5.995200000000003,1.0008031845766063,6,0.019312735311690397,0.0390978057230451,5.9952,0.09649109641255638
1,stable,0.2976351441631319,0,0,0,0.1,0.1,0.2682452857039555,0.30119202450540333,0.34481773502156426,0.09316944502470571,0.24690952333750038,0.043776905359452514,0.7160580743390682,0.4698633264139784,0.27019910973801586,0.17729937982025062,5.998500000000002,1.0002506968149327,6,0.012747351875608957,0.03459231468271982,5.9985,0.09332279113776565
1,stable,0.5455594781168515,0,0,0,0.1,0.1,0.2682452857039555,0.30119202450540333,0.33040053758519294,0.09142361532152002,0.24910666471907192,0.04595669910562975,0.7539535696271087,0.5026786453807204,0.2767054072905274,0.1844860279328819,5.9998000000000005,1.000033388981636,6,0.009028586358166599,0.0316768184596719,5.9998,0.09145955049695642
1,stable,1,0,0,0,0.1,0.1,0.2682452857039555,0.30119202450540333,0.32086079752520924,0.08961629892169937,0.24490932279726943,0.0479056479025616,0.7632883938650297,0.5345640076524283,0.2792996203116974,0.19560565255499418,5.9986000000000015,1.0002340578779572,6,0.007697283751791269,0.0313626731065238,5.9986,0.0896088813875897
1,stable,1e-5,0.1111111111111111,0,0,0.1,0.1,0.2682452857039555,0.30119202450540333,0.19898477246015114,0.09228551256352546,0.08359314488112897,0.017059270326392935,0.42009820071970283,0.18485317849483743,0.4637817830105901,0.20407499144399388,3.0674000000000046,10.432648713056574,32,0.7877721029359885,0.011867470233227454,3.0674,0.09318325498891247
1,stable,1.8329807108324375e-5,0.1111111111111111,0,0,0.1,0.1,0.2682452857039555,0.30119202450540333,0.20735054270465045,0.09192666986548349,0.09363305006670729,0.01466942210352025,0.451568869053205,0.15957743411118938,0.4433394225373386,0.15666927535810557,3.1993,10.31486774580849,33,0.7655265589730738,0.014700554939327285,3.1993,0.0932498748830829
1,stable,3.359818286283781e-5,0.1111111111111111,0,0,0.1,0.1,0.2682452857039555,0.30119202450540333,0.2069949690881328,0.08920212843705529,0.08949104657689887,0.020334342416690666,0.4323344039284164,0.22795804060930475,0.4309386301996328,0.22722208751036949,3.1740000000000026,8.59137819123627,27.27,0.7576456890160095,0.012283078529559436,3.174,0.0902182111330732
1,stable,6.158482110660267e-5,0.1111111111111111,0,0,0.1,0.1,0.2682452857039555,0.30119202450540333,0.21727275385945183,0.09111561355697256,0.09107313174209307,0.02146105962260928,0.41916499019939674,0.2355365758382361,0.4193605131728248,0.23564644382038089,3.2247000000000003,9.304053746566996,30,0.7307856946981403,0.01853546136420292,3.2247,0.0918505133484086
1,stable,1.1288378916846884e-4,0.1111111111111111,0,0,0.1,0.1,0.2682452857039555,0.30119202450540333,0.22206385964863448,0.09099909820092925,0.0855446803750838,0.017542933509482484,0.385225585606045,0.1927813995557084,0.4097879697530008,0.2050733421711648,3.4547,8.131310806896803,28.09,0.709313937035268,0.017790833806771336,3.4547,0.09213266523559324
1,stable,2.0691380811147902e-4,0.1111111111111111,0,0,0.1,0.1,0.2682452857039555,0.30119202450540333,0.2319214409401927,0.08951564839837227,0.08821260960023347,0.018890054862821675,0.3803555602389583,0.21102516935089494,0.385974009282981,0.21414234255656436,3.5771000000000015,7.268851182290394,26,0.6568135198894549,0.022437732051446824,3.5770999999999997,0.09021564245140548
1,stable,3.79269019073225e-4,0.1111111111111111,0,0,0.1,0.1,0.2682452857039555,0.30119202450540333,0.23612032165653257,0.08907397092030285,0.08895540011183269,0.019753074503819735,0.37673758653111517,0.22176034479807127,0.37723974918970515,0.22205593453558325,3.6695999999999986,6.037467180645882,22.16,0.6853368782132931,0.025007229635771854,3.6696,0.0895860840011139
1,stable,6.951927961775605e-4,0.1111111111111111,0,0,0.1,0.1,0.2682452857039555,0.30119202450540333,0.25520683728485877,0.08735133985659531,0.0913766461764282,0.01666563549527255,0.3580493655600406,0.1907885502687483,0.34227664425422427,0.18238397000361423,3.9682000000000004,5.2049999806006175,20.65,0.5468270044307272,0.031480477845373125,3.9682,0.08786727632566371
1,stable,0.0012742749857031334,0.1111111111111111,0,0,0.1,0.1,0.2682452857039555,0.30119202450540333,0.2530333698443729,0.0871279283465428,0.08247174387257647,0.020828800260686207,0.3259322828577921,0.2390599737186645,0.3443337469683562,0.25255680652112666,4.158500000000003,4.314410955661472,17.94,0.35150796260625444,0.02924895785041538,4.1585,0.08756066083211826
1,stable,0.002335721469090121,0.1111111111111111,0,0,0.1,0.1,0.2682452857039555,0.30119202450540333,0.2778997007569984,0.08746383378074297,0.09455186398016234,0.019992451000526035,0.34023737241387164,0.22857963270445847,0.3147316587333186,0.2114442821002513,4.492900000000001,4.0074127657467855,18,0.37366146242944515,0.03691310190473548,4.4929,0.08793253675514519
1,stable,0.004281332398719391,0.1111111111111111,0,0,0.1,0.1,0.2682452857039555,0.30119202450540333,0.3051564887215549,0.09065751756823605,0.11099845676817537,0.025743238158333362,0.3637427381380632,0.2839614281182689,0.2970853346361513,0.23192428893042294,4.7425999999999995,2.95276295173701,14,0.277259025439408,0.04456940586261743,4.7426,0.09129391760700648
1,stable,0.007847599703514606,0.1111111111111111,0,0,0.1,0.1,0.2682452857039555,0.30119202450540333,0.32824433034172,0.09060171813150474,0.1332388860679699,0.019228887818220235,0.40591374702271643,0.21223535507693442,0.2760191410988987,0.1443188875686854,5.1575,2.715159257407621,14,0.3303089598906936,0.05081787714861143,5.1575,0.09086501304629704
1,stable,0.01438449888287663,0.1111111111111111,0,0,0.1,0.1,0.2682452857039555,0.30119202450540333,0.3345427478542294,0.08543729274369644,0.12452720187404469,0.016152596539783185,0.3722310606724168,0.18905791629235494,0.2553852782393122,0.12971139073791302,5.764600000000002,2.1906574271381953,12.62,0.48432175937496735,0.05097715648212625,5.7646,0.08561252967580228
1,stable,0.026366508987303583,0.1111111111111111,0,0,0.1,0.1,0.2682452857039555,0.30119202450540333,0.4092456676319762,0.09051400418041515,0.1646878288663292,0.019078383934951017,0.4024180141460377,0.21077825589202115,0.22117278529582873,0.115845743223904,6.7887,2.0625170715438204,14,0.4008800066713614,0.07325568170690411,6.7887,0.09075627832816223
1,stable,0.04832930238571752,0.1111111111111111,0,0,0.1,0.1,0.2682452857039555,0.30119202450540333,0.4285185125287577,0.08999834977382079,0.17111717929124706,0.025497036217237982,0.3993227230288294,0.28330559706167746,0.21002208105952255,0.1490033690529762,7.658299999999996,1.5672888280687771,12,0.4258243858199291,0.07344697656417085,7.6583,0.09012231686623076
1,stable,0.08858667904100823,0.1111111111111111,0,0,0.1,0.1,0.2682452857039555,0.30119202450540333,0.4442620001125558,0.08872104317827659,0.2040028763593477,0.025571710657694723,0.45919497122793,0.2882259917335595,0.19970432572625774,0.12534975542526458,8.389299999999999,1.4307524191003367,12,0.3545563086076582,0.07677707531807251,8.3893,0.08878037763074152
1,stable,0.1623776739188721,0.1111111111111111,0,0,0.1,0.1,0.2682452857039555,0.30119202450540333,0.47338729353809206,0.08833266758126478,0.243510076928764,0.026754730767311573,0.5143992672654394,0.30288602733182046,0.18659703964816476,0.10987114416270483,9.506899999999996,1.3713593043637808,13,0.2625123292993805,0.0841097102405974,9.5069,0.088507797418759
1,stable,0.2976351441631319,0.1111111111111111,0,0,0.1,0.1,0.2682452857039555,0.30119202450540333,0.4184895405954952,0.08370441947676568,0.2941308112159037,0.02210915559644379,0.7028390979553907,0.26413367101340157,0.20001555918854597,0.07516776465902034,7.545599999999997,1.1959889706726692,9,0.10297972953168491,0.06971889468833818,7.5456,0.08383916766057914
1,stable,0.5455594781168515,0.1111111111111111,0,0,0.1,0.1,0.2682452857039555,0.30119202450540333,0.44125061190820203,0.0830910395626108,0.33318177875348887,0.017310108458480338,0.7550851370214171,0.2083270175653154,0.1883080438195451,0.05195394695124539,8.749300000000003,1.1498777059697456,10,0.08675902712000733,0.07937735947399949,8.7493,0.08336580934877284
1,stable,1,0.1111111111111111,0,0,0.1,0.1,0.2682452857039555,0.30119202450540333,0.3637430367959521,0.08339336843985214,0.2839458449521697,0.01717045988650719,0.780622077204062,0.20589718592421968,0.2292645081935495,0.0604708967986467,6.6312,1.0561608592562264,7,0.03714932625967953,0.05275226579948641,6.6312,0.08431264159278004
1,stable,1e-5,0.2222222222222222,0,0,0.1,0.1,0.2682452857039555,0.30119202450540333,0.19640769427941596,0.0912843783081867,0.07940653433719115,0.0197782168217646,0.4042944174286005,0.21666595301762404,0.46476986883376664,0.2490754317242781,3.1698999999999984,9.464029416573291,30,0.7277267404883592,0.009471355146101078,3.1699,0.09242305059909156
1,stable,1.8329807108324375e-5,0.2222222222222222,0,0,0.1,0.1,0.2682452857039555,0.30119202450540333,0.20060998672620592,0.09203887055768052,0.08447984536404693,0.017317091336663426,0.42111485446308156,0.18814975924558797,0.4587950583103118,0.2049848844069175,3.086200000000003,10.368835360849454,32,0.765098537575486,0.009895422254127106,3.0862,0.09334051011654881
1,stable,3.359818286283781e-5,0.2222222222222222,0,0,0.1,0.1,0.2682452857039555,0.30119202450540333,0.202444148840323,0.09112526042342826,0.08425685572530565,0.014819437330359037,0.4161980289771818,0.16262710538766226,0.45012543432560725,0.17588405362138593,3.124799999999998,10.900006290610412,34.06,0.7717423474070593,0.011663572459453458,3.1248,0.09200919372725049
1,stable,6.158482110660267e-5,0.2222222222222222,0,0,0.1,0.1,0.2682452857039555,0.30119202450540333,0.20748059296613802,0.08978119333937316,0.0944716150072564,0.017181204775294546,0.4553274774121871,0.19136752516030325,0.4327209212961231,0.18186631798318312,3.158599999999999,9.498178780056989,30,0.77329871935043,0.014835818872542676,3.1586,0.09119403744297248
1,stable,1.1288378916846884e-4,0.2222222222222222,0,0,0.1,0.1,0.2682452857039555,0.30119202450540333,0.21242056209878923,0.09220181733921629,0.08504586169316983,0.01780436725335277,0.40036548652770265,0.1931021292980526,0.43405316523141724,0.20935018940236888,3.1563999999999988,10.455330347416634,33,0.7759951285939788,0.015573446724730395,3.1564,0.09384148679422552
1,stable,2.0691380811147902e-4,0.2222222222222222,0,0,0.1,0.1,0.2682452857039555,0.30119202450540333,0.23658353215538644,0.0892311793431525,0.08613018686318413,0.015799088863174746,0.36405825070958203,0.17705794072738712,0.3771656401027358,0.18343265513020707,3.480900000000001,7.9856169380541155,27.8,0.6726165026018306,0.025925263236804948,3.4809,0.0904011693149687
1,stable,3.79269019073225e-4,0.2222222222222222,0,0,0.1,0.1,0.2682452857039555,0.30119202450540333,0.2186141833710033,0.08758796941798258,0.08516073146864948,0.01509238575028029,0.38954806204923065,0.17231117299063325,0.4006509004465633,0.17722235929638888,3.541600000000002,7.059186259310291,25,0.6545441490305337,0.018558154866078366,3.5416,0.08796520067808437
1,stable,6.951927961775605e-4,0.2222222222222222,0,0,0.1,0.1,0.2682452857039555,0.30119202450540333,0.24464037572431085,0.08981458109571264,0.08714024817177507,0.016936622401315774,0.35619732807300297,0.18857319373640385,0.36712901878848536,0.194360502255278,3.8266000000000004,6.8263611610257025,26.12,0.6416124328728166,0.027271597868191104,3.8266,0.09077982791422912
1,stable,0.0012742749857031334,0.2222222222222222,0,0,0.1,0.1,0.2682452857039555,0.30119202450540333,0.26491936168365066,0.09120732638164787,0.09767583632200554,0.015605129096271188,0.3687002554333632,0.1710951270621956,0.34428335400627186,0.15976447895287163,3.968400000000002,5.653805484852403,22.44,0.6485211459532538,0.034460802259403435,3.9684,0.09245189061693349
1,stable,0.002335721469090121,0.2222222222222222,0,0,0.1,0.1,0.2682452857039555,0.30119202450540333,0.2625763586527121,0.08851338921988264,0.08894115733778248,0.018549702658660974,0.3387249247957526,0.20956945409219718,0.33709580586023713,0.2085615165565313,4.140699999999999,4.843253190290331,20.05,0.618354146438016,0.032045246503228486,4.1407,0.0892695160858377
1,stable,0.004281332398719391,0.2222222222222222,0,0,0.1,0.1,0.2682452857039555,0.30119202450540333,0.2567218254276747,0.08675584334438456,0.08650055185728195,0.016331945123534957,0.33694272667771846,0.18825181675318328,0.33793715512834716,0.18880740958139994,4.349900000000002,3.9084285507293224,17,0.4477826924732656,0.028937436818389985,4.3499,0.08717590855209635
1,stable,0.007847599703514606,0.2222222222222222,0,0,0.1,0.1,0.2682452857039555,0.30119202450540333,0.2667695979945654,0.08655499046260028,0.09341748166532056,0.018047103710456803,0.3501803892481918,0.20850448499852603,0.3244559766677894,0.19318764955699338,4.5298,3.5325131152412244,16,0.47110965954359896,0.031105086080342865,4.5298,0.08694900443655632
1,stable,0.01438449888287663,0.2222222222222222,0,0,0.1,0.1,0.2682452857039555,0.30119202450540333,0.31406963380214575,0.0870820655343863,0.11915901669073056,0.0173391778999457,0.37940317644907084,0.19911307562059305,0.27726993049332915,0.1455129320590854,5.032399999999999,3.180062937841275,16,0.43591378393862124,0.04686338398207974,5.0324,0.08738505262538511
1,stable,0.026366508987303583,0.2222222222222222,0,0,0.1,0.1,0.2682452857039555,0.30119202450540333,0.3890334081304917,0.08763926733640336,0.13283641204016575,0.01728536835461201,0.34145245437535543,0.19723314536921124,0.22527439933129578,0.1301252276325066,5.787799999999999,3.1106865870438396,18,0.5290324058362044,0.0690591321183277,5.7878,0.08787874322782634
1,stable,0.04832930238571752,0.2222222222222222,0,0,0.1,0.1,0.2682452857039555,0.30119202450540333,0.3820209320741675,0.08833715322871191,0.14387170842316124,0.015716194918116926,0.37660687240883767,0.17791149413006832,0.23123642138950043,0.1092375637320704,6.318499999999999,2.5335274971385267,16,0.48301086455985365,0.06372415907367683,6.3185,0.0885013452971669
1,stable,0.08858667904100823,0.2222222222222222,0,0,0.1,0.1,0.2682452857039555,0.30119202450540333,0.43353065748777686,0.09031283521067551,0.20676505639883444,0.022941633482371344,0.4769329523245171,0.25402406456241455,0.20831937407615014,0.11095508052443173,6.547400000000003,2.139714616851977,14,0.26482408284800235,0.07747458853439969,6.5474,0.09049474401795732
1,stable,0.1623776739188721,0.2222222222222222,0,0,0.1,0.1,0.2682452857039555,0.30119202450540333,0.4157737781730278,0.09099993364958625,0.19748298726616645,0.01969518506336917,0.4749770130620941,0.21643076289714108,0.2188688619312492,0.09973104689177156,6.9941,1.716092796897647,12,0.3075203764894439,0.0731475143768911,6.9941,0.09110136231200225
1,stable,0.2976351441631319,0.2222222222222222,0,0,0.1,0.1,0.2682452857039555,0.30119202450540333,0.49654268027209225,0.08721304260292005,0.2670763323491587,0.013527058049138209,0.5378718546466296,0.15510361346670065,0.1756405764659135,0.0506486588690075,8.616899999999998,1.6982402306285806,14.63,0.41919060920907775,0.095650593355087,8.6169,0.08745653357909736
1,stable,0.5455594781168515,0.2222222222222222,0,0,0.1,0.1,0.2682452857039555,0.30119202450540333,0.4493131253378176,0.09453039740009893,0.23292626888165732,0.029675973168370857,0.5184052184243024,0.3139304814594993,0.21038868457053403,0.1274050080776776,8.535699999999997,1.5237606830162393,13,0.26630635053370394,0.0750055397586389,8.5357,0.09500012089784819
1,stable,1,0.2222222222222222,0,0,0.1,0.1,0.2682452857039555,0.30119202450540333,0.4144270522547794,0.09852568469923233,0.2214891392878517,0.026376304076807813,0.5344466247625305,0.2677099292161867,0.2377395108817877,0.11908621868148868,9.088199999999995,1.3206774115845832,12,0.2889356018233209,0.06132705561496229,9.0882,0.09908939336224601
1,stable,1e-5,0.3333333333333333,0,0,0.1,0.1,0.2682452857039555,0.30119202450540333,0.1927199851610951,0.09020334213216254,0.08502664147296414,0.016082570600002895,0.44119265265556223,0.17829240269655774,0.46805390762541493,0.18914742863407888,3.0249999999999995,10.909123085975367,33,0.8060231917078591,0.009004369192521957,3.025,0.09152562381343143
1,stable,1.8329807108324375e-5,0.3333333333333333,0,0,0.1,0.1,0.2682452857039555,0.30119202450540333,0.20654975236940581,0.09225671177296287,0.09067985920213699,0.0174117648466062,0.4390218732383651,0.1887316869633865,0.44665612383773523,0.19201358493282564,3.160399999999997,10.125490850018796,32,0.782395800940266,0.011377144411987542,3.1604,0.09299889221161343
1,stable,3.359818286283781e-5,0.3333333333333333,0,0,0.1,0.1,0.2682452857039555,0.30119202450540333,0.1963705154941527,0.0894094005141478,0.08542303271985227,0.015832767428632575,0.43500946414939723,0.17708168646234532,0.4553097000797461,0.185345414749634,3.071599999999997,10.418037988070546,32,0.7780404435198023,0.00966616109049435,3.0716,0.09021172519797303
1,stable,6.158482110660267e-5,0.3333333333333333,0,0,0.1,0.1,0.2682452857039555,0.30119202450540333,0.2078691669651746,0.09192917765060825,0.09898529869039083,0.018906592037110433,0.4761903852098197,0.20566475759163214,0.44224537478427295,0.19100404087527215,3.0970000000000004,9.547819463838417,29.57,0.7985568507817311,0.012877315827440382,3.097,0.09291956495786403
1,stable,1.1288378916846884e-4,0.3333333333333333,0,0,0.1,0.1,0.2682452857039555,0.30119202450540333,0.21958940846490937,0.09241061696294503,0.0987075297406413,0.01621373932882239,0.44950952065802785,0.17545320940042858,0.4208336713913611,0.16426041023845656,3.1470999999999965,9.62545159151839,30.29,0.7563180572410458,0.018411292420729503,3.1471,0.09370796872155611
1,stable,2.0691380811147902e-4,0.3333333333333333,0,0,0.1,0.1,0.2682452857039555,0.30119202450540333,0.21341092125020433,0.09051100656540928,0.08757995115404282,0.017291370012841676,0.4103817679103851,0.19104162763172655,0.42411609506756964,0.19743525527238753,3.3127999999999984,9.961936427927785,33,0.7453120802257439,0.014943087208443756,3.3128,0.0917210811487675
1,stable,3.79269019073225e-4,0.3333333333333333,0,0,0.1,0.1,0.2682452857039555,0.30119202450540333,0.22241253853956933,0.09091858622302484,0.0902734390069865,0.01819784799756711,0.40588286793429135,0.20015542204899092,0.4087835461976419,0.20158585069699989,3.4298000000000006,8.455526049676477,29,0.7078595868090934,0.019158332473504625,3.4297999999999997,0.09162713031685585
1,stable,6.951927961775605e-4,0.3333333333333333,0,0,0.1,0.1,0.2682452857039555,0.30119202450540333,0.2179345481795919,0.08985308704885896,0.08073273111313163,0.01564057125843428,0.37044485047227454,0.17406826823801264,0.4122939102560935,0.1937327158735282,3.523899999999999,7.662301935551896,27,0.6650516927755369,0.01776419263216802,3.5239,0.09126639540337363
1,stable,0.0012742749857031334,0.3333333333333333,0,0,0.1,0.1,0.2682452857039555,0.30119202450540333,0.24014439459801795,0.08724829091449184,0.08741592211470316,0.019872208529093473,0.3640140019134332,0.2277661639076614,0.3633159585529295,0.22732939318558093,3.8122,7.082906111553513,27,0.6378227948229683,0.02385318803796845,3.8122,0.08779805417093527
1,stable,0.002335721469090121,0.3333333333333333,0,0,0.1,0.1,0.2682452857039555,0.30119202450540333,0.24484261535391819,0.08618628382626543,0.07953151456340864,0.016388689174662838,0.3248270912661443,0.19015426175816103,0.3520068747088157,0.20606534736109564,3.9388999999999985,5.316762430972401,20.94,0.5510367348459837,0.028498013584850455,3.9389,0.08672372977194387
1,stable,0.004281332398719391,0.3333333333333333,0,0,0.1,0.1,0.2682452857039555,0.30119202450540333,0.23670217810617536,0.08682120932564086,0.08721795393530518,0.02250678087090508,0.36847127742180136,0.25923136806916336,0.366795143248307,0.2580521538902382,4.078999999999999,5.394920472386389,22,0.5118850328002436,0.023518782825644267,4.079,0.08719928884735326
1,stable,0.007847599703514606,0.3333333333333333,0,0,0.1,0.1,0.2682452857039555,0.30119202450540333,0.2348541902025606,0.087639170078915,0.08426580748471203,0.021314868037038612,0.3588005281576334,0.24321166001281805,0.37316417477298,0.25294800670966894,4.0013,4.571001738976988,18.29,0.47073857953973114,0.024721841790902137,4.0013,0.08827882114563183
1,stable,0.01438449888287663,0.3333333333333333,0,0,0.1,0.1,0.2682452857039555,0.30119202450540333,0.28235916157042007,0.0893587998545587,0.09674146500117804,0.01938055883428689,0.34261847380167554,0.2168847261358801,0.31647211075980164,0.20033352641549193,4.5533,3.95348408411698,18,0.45191496245342583,0.03672087417075336,4.5533,0.08984442651443064
1,stable,0.026366508987303583,0.3333333333333333,0,0,0.1,0.1,0.2682452857039555,0.30119202450540333,0.3015057312185242,0.08592353915532294,0.10528035436949462,0.015641680956966136,0.3491819341012457,0.18204186083036988,0.28498144565301015,0.14857169745145132,4.915400000000001,2.7890697708891885,13.71,0.5099843090227292,0.04081989675869723,4.9154,0.08631059464298628
1,stable,0.04832930238571752,0.3333333333333333,0,0,0.1,0.1,0.2682452857039555,0.30119202450540333,0.34698000805536505,0.0867698767843364,0.12327105965355445,0.016241044745967225,0.3552684788510495,0.18717376753148784,0.2500716893478519,0.13175067036506102,5.275599999999998,3.447132449155905,18.19,0.5450803628899703,0.0585886517411471,5.2756,0.08720838611457474
1,stable,0.08858667904100823,0.3333333333333333,0,0,0.1,0.1,0.2682452857039555,0.30119202450540333,0.31875616131321993,0.08733418682835717,0.11580609334077871,0.013857343529861154,0.3633062114428714,0.15867032181905785,0.27398430972614146,0.11965988256838622,5.458399999999999,2.9317080030421097,16,0.4807008118804312,0.045167029200370794,5.4584,0.08763477158081687
1,stable,0.1623776739188721,0.3333333333333333,0,0,0.1,0.1,0.2682452857039555,0.30119202450540333,0.3840271251983397,0.0907148563936836,0.1532261399099285,0.018461263914829946,0.39899822136467916,0.20350871564754403,0.2362199189623176,0.12048377597766348,6.385300000000001,2.6630869284038967,17,0.5235866156287152,0.06206893946890785,6.3853,0.090916340479272
1,stable,0.2976351441631319,0.3333333333333333,0,0,0.1,0.1,0.2682452857039555,0.30119202450540333,0.38020746658397453,0.09191708132940739,0.14216971907402262,0.017562567287290592,0.3739266888979475,0.19106967968609478,0.24175506639900804,0.12353240480236441,6.840000000000001,2.047143549428433,14,0.4635540578831397,0.0604515658000526,6.84,0.09221878147385333
1,stable,0.5455594781168515,0.3333333333333333,0,0,0.1,0.1,0.2682452857039555,0.30119202450540333,0.40801556218953533,0.0981938067261531,0.16334415775177896,0.02591738029046441,0.40033805788000987,0.2639410891029396,0.24066191544071344,0.15866732332018252,7.125800000000002,1.8019084000915604,12.84,0.45037841532218525,0.061715892252136216,7.1258,0.09851797845872982
1,stable,1,0.3333333333333333,0,0,0.1,0.1,0.2682452857039555,0.30119202450540333,0.41870240585970336,0.10383885866384804,0.1669022817101014,0.023855968429274208,0.39861791901436117,0.2297402796625669,0.24800158110063936,0.14293374653026314,7.444300000000001,1.6122903614438917,12,0.4331828329308284,0.06602765837723318,7.4443,0.10441465129782738
1,stable,1e-5,0.4444444444444444,0,0,0.1,0.1,0.2682452857039555,0.30119202450540333,0.20407566340572073,0.09064583554201688,0.08793598512241595,0.015717710016774064,0.43089893059708606,0.17339693459484373,0.44417758604466634,0.17874036431039458,3.1607000000000003,10.12436432157892,32,0.7585573861988489,0.011072812845681096,3.1607,0.0918538206894783
1,stable,1.8329807108324375e-5,0.4444444444444444,0,0,0.1,0.1,0.2682452857039555,0.30119202450540333,0.19646458474289138,0.09099578480852284,0.08891650310303884,0.016837739721345932,0.4525828572075816,0.1850386779648817,0.4631663509614565,0.18936574352045657,3.052900000000006,11.79213021907844,36,0.7955425788627091,0.008945111287310119,3.0529,0.09224043886283316
1,stable,3.359818286283781e-5,0.4444444444444444,0,0,0.1,0.1,0.2682452857039555,0.30119202450540333,0.19910426071562154,0.09179006707546844,0.08581665351594563,0.016678094013822607,0.43101364685769644,0.1816982441042354,0.4610150819754239,0.19434565822033184,3.0482000000000005,11.154249072452272,34,0.7867690036042928,0.009817965010946353,3.0482,0.09265482832849331
1,stable,6.158482110660267e-5,0.4444444444444444,0,0,0.1,0.1,0.2682452857039555,0.30119202450540333,0.20395136630089805,0.09119760667601973,0.08843368838398159,0.015785847788445658,0.43360184336059626,0.17309497873694227,0.4471536932068013,0.17850491228979457,3.1612999999999998,9.489811809402111,30,0.7456701998406576,0.01094505053762395,3.1612999999999998,0.0919639030883455
1,stable,1.1288378916846884e-4,0.4444444444444444,0,0,0.1,0.1,0.2682452857039555,0.30119202450540333,0.1946293468147729,0.0909871158668702,0.08803690873574653,0.014724540868640057,0.45233111129705694,0.16183105408225704,0.46748919089504964,0.1672541787313041,3.0066999999999964,11.640736152007305,35,0.8085838441308952,0.009819843191230495,3.0067,0.0920403476945375
1,stable,2.0691380811147902e-4,0.4444444444444444,0,0,0.1,0.1,0.2682452857039555,0.30119202450540333,0.20504412429798957,0.08967580107119015,0.08657364731616803,0.015073528604125868,0.4222195959653591,0.16808914360474547,0.43734879689049155,0.17411220471140781,3.171400000000001,9.459755042763932,30,0.7783140149651261,0.012743150045544585,3.1713999999999998,0.09104977587317947
1,stable,3.79269019073225e-4,0.4444444444444444,0,0,0.1,0.1,0.2682452857039555,0.30119202450540333,0.20923652262364562,0.08843161048495507,0.08343008168845464,0.016000506829613168,0.3987357495828804,0.18093650835789477,0.4226394578541973,0.19178342518424474,3.3165999999999998,8.140960606605574,27,0.7359697764050702,0.014320730864650294,3.3165999999999998,0.08916132852860081
1,stable,6.951927961775605e-4,0.4444444444444444,0,0,0.1,0.1,0.2682452857039555,0.30119202450540333,0.20905080948199756,0.09064287623059346,0.08739708372385185,0.016876387920093237,0.4180662296425026,0.1861854855218857,0.4335925627611558,0.19310012646895036,3.2099000000000006,9.658290370919522,31,0.762834497382154,0.014682314140016101,3.2098999999999998,0.09179682955431392
1,stable,0.0012742749857031334,0.4444444444444444,0,0,0.1,0.1,0.2682452857039555,0.30119202450540333,0.21465173381434347,0.088678384774169,0.08845668968999136,0.017132009222598728,0.4120939911275038,0.19319261696328377,0.4131268040484066,0.19367680706388868,3.4587,8.153259071399201,28.2,0.6948737177884092,0.015452928472246046,3.4587,0.08977080022484649
1,stable,0.002335721469090121,0.4444444444444444,0,0,0.1,0.1,0.2682452857039555,0.30119202450540333,0.22271366502432197,0.08678890631923174,0.08102839495655707,0.017014622079782844,0.36382318501968963,0.1960460478347166,0.3896882856727887,0.20998345196032994,3.7020999999999997,6.48304324912309,24,0.6733389011614471,0.017999903848008116,3.7020999999999997,0.08772769976458113
1,stable,0.004281332398719391,0.4444444444444444,0,0,0.1,0.1,0.2682452857039555,0.30119202450540333,0.2647557872686922,0.08739109309896452,0.09670078037740615,0.013808753253901978,0.3652451996422938,0.15801099132911056,0.330081899249568,0.14279877783828465,3.916299999999999,6.672758177162052,26.13,0.685372255002677,0.034113607196800476,3.9163,0.08810179336872068
1,stable,0.007847599703514606,0.4444444444444444,0,0,0.1,0.1,0.2682452857039555,0.30119202450540333,0.25460047339854097,0.08891166019465307,0.09078054122086025,0.014351589228488318,0.3565607715063286,0.16141402822834014,0.3492203255077003,0.1580910295915982,3.9361000000000006,5.302199262735793,20.87,0.6298332704979841,0.03286951559995538,3.9361,0.08971224245865447
1,stable,0.01438449888287663,0.4444444444444444,0,0,0.1,0.1,0.2682452857039555,0.30119202450540333,0.25132264072170185,0.08720450082055584,0.09240483238681166,0.017631902348123913,0.36767412645936143,0.20219027896743286,0.3469822717529073,0.19081147481893382,4.23,5.201282121523682,22,0.5515738629324688,0.02486012995512093,4.23,0.08753002106455479
1,stable,0.026366508987303583,0.4444444444444444,0,0,0.1,0.1,0.2682452857039555,0.30119202450540333,0.24759054636912609,0.08695271004674723,0.08291815418833587,0.01967387332068187,0.33490032395952396,0.22625946114968548,0.3511955982241413,0.23726858747959687,4.163599999999999,4.563921633319147,19,0.46037566426279536,0.027147931134522532,4.1636,0.08747359116271013
1,stable,0.04832930238571752,0.4444444444444444,0,0,0.1,0.1,0.2682452857039555,0.30119202450540333,0.26559373857789115,0.08801772211460099,0.08056840761844836,0.015902512659796933,0.30335205961498946,0.18067398562179915,0.331399838662943,0.19737901157370788,4.594699999999998,3.9184749499331044,18,0.5439902529976762,0.030458182835039788,4.5947,0.08840462693939485
1,stable,0.08858667904100823,0.4444444444444444,0,0,0.1,0.1,0.2682452857039555,0.30119202450540333,0.32460362814567956,0.08903985328913096,0.12345311316731442,0.015725715094074492,0.3803195727433756,0.17661434192854988,0.2743033212468302,0.12738208612658988,5.105899999999998,4.251841919014427,21.71,0.5839086622713062,0.04437773992894585,5.1059,0.08937414296452621
1,stable,0.1623776739188721,0.4444444444444444,0,0,0.1,0.1,0.2682452857039555,0.30119202450540333,0.3061987525644173,0.09216338946142882,0.10268015805212838,0.015442802666844719,0.33533826376554815,0.16755897061823735,0.3009920474514008,0.15039714546411936,5.044499999999998,3.569063903290116,18,0.5606146147451643,0.038584967379398497,5.0445,0.09261737882719086
1,stable,0.2976351441631319,0.4444444444444444,0,0,0.1,0.1,0.2682452857039555,0.30119202450540333,0.33807343677698826,0.09420216548096008,0.12712877752371435,0.015818936827965542,0.3760389421177016,0.16792540540018508,0.27864409099701315,0.12443238373007016,5.224999999999999,2.48824771165737,13,0.38195148209774926,0.05026933697764849,5.225,0.09467196044990193
1,stable,0.5455594781168515,0.4444444444444444,0,0,0.1,0.1,0.2682452857039555,0.30119202450540333,0.38946919481059805,0.10162142788718666,0.14728183988472487,0.017399003830007923,0.37816043437363306,0.17121392792594037,0.2609228900288403,0.11813407439522648,6.138100000000003,2.607574163353978,16,0.5553165270979747,0.057613512960442786,6.1381,0.10205142136955916
1,stable,1,0.4444444444444444,0,0,0.1,0.1,0.2682452857039555,0.30119202450540333,0.3898150680997989,0.11537275070962866,0.13627446925691356,0.029292074990501977,0.34958748496101005,0.2538907567890496,0.2959679092756142,0.2149491034544309,5.3993,1.2967713054799672,7,0.20524544241727818,0.05557933696249838,5.3993,0.11636771261729457
1,stable,1e-5,0.5555555555555556,0,0,0.1,0.1,0.2682452857039555,0.30119202450540333,0.1995620267019184,0.0893001013803983,0.08101879152402355,0.014055212764669896,0.40598300620107264,0.15739302136733146,0.4474804292992273,0.17348089869375882,3.165099999999999,9.478470795058007,30,0.7442863701673118,0.010333990466632763,3.1651,0.09017344147298817
1,stable,1.8329807108324375e-5,0.5555555555555556,0,0,0.1,0.1,0.2682452857039555,0.30119202450540333,0.20294408783406417,0.09215723072318553,0.09395903777569735,0.016631509401403802,0.4629799211126678,0.18046884949657602,0.45410157894590775,0.17700808559903716,3.0487000000000024,10.824350371582339,33,0.789267023499752,0.01061638120865266,3.0487,0.09327742356831126
1,stable,3.359818286283781e-5,0.5555555555555556,0,0,0.1,0.1,0.2682452857039555,0.30119202450540333,0.19504841840774245,0.09073878276564609,0.08484105876544211,0.01694404191746393,0.43497434871829926,0.18673428715950313,0.46521157929083834,0.19971511628949243,2.9685999999999964,11.453571186070663,34,0.7762513449239744,0.010635800307927133,2.9686,0.09266818523160127
1,stable,6.158482110660267e-5,0.5555555555555556,0,0,0.1,0.1,0.2682452857039555,0.30119202450540333,0.1995879865829504,0.09098605380205808,0.08788865490963531,0.016236443547518256,0.44035042596668544,0.17844980487714032,0.45586939053690756,0.1847387875512729,3.1344999999999965,10.847255259635451,34,0.8062181055323548,0.010750764722843845,3.1345,0.09221242239854495
1,stable,1.1288378916846884e-4,0.5555555555555556,0,0,0.1,0.1,0.2682452857039555,0.30119202450540333,0.20943075983040177,0.09203890536125804,0.09327655590661883,0.014010382527762225,0.44538135650252486,0.1522223941361608,0.4394717635355555,0.15020261406079702,3.135200000000001,9.887900754846475,31,0.7771267398589567,0.014159056595927923,3.1352,0.0934836203276304
1,stable,2.0691380811147902e-4,0.5555555555555556,0,0,0.1,0.1,0.2682452857039555,0.30119202450540333,0.20123412963736734,0.09148834176116062,0.0897437132716907,0.015946215537475602,0.44596666297815774,0.17429778735201887,0.454636308095583,0.17768615712612565,3.092399999999998,10.024888065302894,31,0.7876428750338891,0.011297070799241958,3.0924,0.0923468932206262
1,stable,3.79269019073225e-4,0.5555555555555556,0,0,0.1,0.1,0.2682452857039555,0.30119202450540333,0.22053058366665665,0.09094897677638392,0.08943546318719654,0.018127980097222038,0.40554675773398785,0.1993203303627403,0.41240981302556196,0.20269342217503286,3.1266000000000047,9.915160773258082,31,0.7652911664326567,0.016256058340072058,3.1266,0.09190326604876782
1,stable,6.951927961775605e-4,0.5555555555555556,0,0,0.1,0.1,0.2682452857039555,0.30119202450540333,0.2140582582577226,0.09091495386754804,0.08809224062710562,0.017672847906300623,0.4115339503559074,0.19438879034188147,0.42472060927491967,0.20061753203792118,3.2644999999999977,9.190410349370284,30,0.7342491987333141,0.013854130915958182,3.2645,0.09221460584293585
1,stable,0.0012742749857031334,0.5555555555555556,0,0,0.1,0.1,0.2682452857039555,0.30119202450540333,0.2124557208390921,0.08915382355641198,0.08810928539364662,0.015248092503941872,0.414718347172106,0.17103127937405466,0.4196348453423598,0.17305886020772768,3.3192000000000013,8.595161580619092,28.53,0.7197356962413533,0.014681117061456741,3.3192,0.08988360133878953
1,stable,0.002335721469090121,0.5555555555555556,0,0,0.1,0.1,0.2682452857039555,0.30119202450540333,0.22069863908938675,0.09000223871412626,0.08933647609051988,0.0176324428128073,0.4047894289657902,0.1959111580414478,0.40780604305255275,0.19737114764792474,3.418699999999997,8.745401425892009,29.9,0.728048020292547,0.020139270827242577,3.4187,0.09147296819360796
1,stable,0.004281332398719391,0.5555555555555556,0,0,0.1,0.1,0.2682452857039555,0.30119202450540333,0.21974513038517052,0.086646161417566675,0.08844243892196751,0.014950277609940471,0.40247735532043466,0.17254402694069546,0.39430298758244514,0.16903963518160162,3.617700000000001,7.098418396845695,25.68,0.7214163461799802,0.01711359732044181,3.6177,0.08726220744198024
1,stable,0.007847599703514606,0.5555555555555556,0,0,0.1,0.1,0.2682452857039555,0.30119202450540333,0.2502851352258667,0.08867475764852592,0.09089242820482965,0.016214809684403163,0.3631555190954705,0.18285710741576194,0.35429494272004003,0.17839560461364784,3.833000000000002,6.522670835468449,25,0.6823237397217238,0.02926282547698922,3.833,0.09000975797224282
1,stable,0.01438449888287663,0.5555555555555556,0,0,0.1,0.1,0.2682452857039555,0.30119202450540333,0.218502640233681,0.08770791108536397,0.07757071415829118,0.025177530386656592,0.3550104203561659,0.28706111085181263,0.4014043537028358,0.3245752041843936,3.790799999999999,5.425624239683198,20.57,0.5701925006935399,0.019106909935072487,3.7908,0.08822128654630954
1,stable,0.026366508987303583,0.5555555555555556,0,0,0.1,0.1,0.2682452857039555,0.30119202450540333,0.22628863826683876,0.08667195278922663,0.08326083338982304,0.01957445274147014,0.3679408477046124,0.225845294948786,0.3830150442066091,0.23509796797040858,3.874300000000003,5.678693336557083,22,0.5690232875677388,0.02095246341569746,3.8743,0.08731475911295514
1,stable,0.04832930238571752,0.5555555555555556,0,0,0.1,0.1,0.2682452857039555,0.30119202450540333,0.2641271044585514,0.08787986977443392,0.08727071206234334,0.0184692318690347,0.33041180018705135,0.21016453388518544,0.33271810537802876,0.21163150193894242,4.235900000000001,5.194267746952262,22,0.5185122680899021,0.03302655427908979,4.2359,0.08843729111132995
1,stable,0.08858667904100823,0.5555555555555556,0,0,0.1,0.1,0.2682452857039555,0.30119202450540333,0.30333867419979094,0.09116388150918209,0.11657502482699575,0.02456582222400448,0.3843065020789759,0.2694688051597517,0.30053497711649496,0.21072971899822981,4.4708,4.697897635506985,21,0.4478093012910522,0.045391000262181805,4.4708,0.09172002578681501
1,stable,0.1623776739188721,0.5555555555555556,0,0,0.1,0.1,0.2682452857039555,0.30119202450540333,0.26328373218668344,0.08846815679295379,0.08987377117855146,0.014317902491937023,0.34135709955230253,0.1618424415176399,0.33601831779802005,0.15931124625327858,4.334899999999998,4.582524177871886,19.86,0.5285634049558512,0.02855582651600182,4.3349,0.08880091835530841
1,stable,0.2976351441631319,0.5555555555555556,0,0,0.1,0.1,0.2682452857039555,0.30119202450540333,0.3123494322088793,0.0966694907162254,0.11064505436174987,0.01754310375590927,0.3542348503062351,0.18147508201328266,0.3094914885312775,0.15855298600652087,4.863699999999998,3.2904665055591993,16,0.501380078270224,0.039603667662844705,4.8637,0.09698080017615544
1,stable,0.5455594781168515,0.5555555555555556,0,0,0.1,0.1,0.2682452857039555,0.30119202450540333,0.3569663695148805,0.10425848131318276,0.13273389551600284,0.019895507903807296,0.3718386572280998,0.19082867554959912,0.2920680776031386,0.14989018311007551,4.878099999999999,2.673531948063438,13.04,0.3344850717880484,0.05614955407550076,4.8781,0.10461662642351667
1,stable,1,0.5555555555555556,0,0,0.1,0.1,0.2682452857039555,0.30119202450540333,0.3262519286168558,0.11244976086796635,0.10288218474796725,0.016974819807746865,0.31534582855689464,0.15095469902935557,0.3446715590148289,0.16499280073931608,4.772399999999999,2.7246744783193093,13,0.384623503338574,0.038184584514321336,4.7724,0.11287609988657248
1,stable,1e-5,0.6666666666666666,0,0,0.1,0.1,0.2682452857039555,0.30119202450540333,0.19815808789455555,0.0901378956966407,0.08762741824485776,0.01584382838049291,0.44220964774088006,0.17577322232832404,0.45487871150939413,0.18080902870172913,3.142499999999992,10.501213224143171,33,0.7901224043582238,0.009488639792114208,3.1425,0.09126823658222645
1,stable,1.8329807108324375e-5,0.6666666666666666,0,0,0.1,0.1,0.2682452857039555,0.30119202450540333,0.19450907035881784,0.09178828193332488,0.08892378743507279,0.012955969879984207,0.4571703893861191,0.14115058705854674,0.47189718075357484,0.14569745906790055,3.0294999999999987,11.223082680604964,34,0.8168538428223089,0.009293157348317834,3.0295,0.094109859177566
1,stable,3.359818286283781e-5,0.6666666666666666,0,0,0.1,0.1,0.2682452857039555,0.30119202450540333,0.20000215695951282,0.0913231551848659,0.09537586391108771,0.018938453249083338,0.4768741765639808,0.20737843771107267,0.45661085146873087,0.1985665185349025,3.0750999999999973,10.7314839804921,33,0.7869320371118086,0.00994601076684109,3.0751,0.09255106862304134
1,stable,6.158482110660267e-5,0.6666666666666666,0,0,0.1,0.1,0.2682452857039555,0.30119202450540333,0.20132045662408848,0.09151402460544521,0.0821022429367727,0.01655104156776746,0.4078186802947524,0.18085797930017658,0.45456893025194606,0.20159061404100115,3.1130000000000058,9.315923129741742,29,0.7750670512155583,0.010923681602869158,3.113,0.09230125678227089
1,stable,1.1288378916846884e-4,0.6666666666666666,0,0,0.1,0.1,0.2682452857039555,0.30119202450540333,0.20042804541234271,0.09248256878472101,0.08586813962454852,0.017707810958316816,0.4284237739678152,0.19147187617092132,0.4614252890330575,0.20622096898503664,3.0638000000000023,10.118265456913985,31,0.7779825357655744,0.01111816176557149,3.0638,0.09317064805103929
1,stable,2.0691380811147902e-4,0.6666666666666666,0,0,0.1,0.1,0.2682452857039555,0.30119202450540333,0.20703921904883726,0.09266857798284146,0.08305986130904337,0.01564910938086661,0.40117935959491263,0.16887179798706098,0.44758948767567763,0.18840760307364937,3.174400000000004,10.764084528312617,34.17,0.7860852308463504,0.012880892054117549,3.1744,0.0939853834185659
1,stable,3.79269019073225e-4,0.6666666666666666,0,0,0.1,0.1,0.2682452857039555,0.30119202450540333,0.214023009639122,0.09400376933146024,0.0939987408776436,0.01697806983459246,0.4391992292611011,0.18061052184755755,0.43922272418262903,0.18062018359046422,3.160099999999998,11.076019253490783,35,0.7805483785273996,0.017258868940248438,3.1601,0.09525344759523197
1,stable,6.951927961775605e-4,0.6666666666666666,0,0,0.1,0.1,0.2682452857039555,0.30119202450540333,0.21429242626791023,0.09060252584259397,0.09334835273953446,0.014966642121604173,0.43561200162449765,0.16519012005919234,0.4227985441227023,0.16033107904287175,3.2259000000000033,10.849789705866241,35,0.7956134805857837,0.01640349324596037,3.2258999999999998,0.09203695135496415
1,stable,0.0012742749857031334,0.6666666666666666,0,0,0.1,0.1,0.2682452857039555,0.30119202450540333,0.22197736223328196,0.09162570552667217,0.09754886423110275,0.015150399739721855,0.439454110318628,0.16535097495442025,0.41277049427400736,0.1553108778778714,3.149499999999998,9.613950833192636,30.28,0.776750452144884,0.019873830101402715,3.1494999999999997,0.09303539390332251
1,stable,0.002335721469090121,0.6666666666666666,0,0,0.1,0.1,0.2682452857039555,0.30119202450540333,0.2171584829692138,0.09186553714328939,0.08022800720424207,0.017381349761623813,0.36944450019765457,0.18920424679510503,0.4230345316803167,0.2166494017154744,3.264300000000002,8.884431101332149,29,0.7517927291074602,0.016647572530728197,3.2643,0.09298971049222444
1,stable,0.004281332398719391,0.6666666666666666,0,0,0.1,0.1,0.2682452857039555,0.30119202450540333,0.22616587558304815,0.08838337992189353,0.09212449908561648,0.01621132032925201,0.4073315607322394,0.1834204614439766,0.39079007694703766,0.17597186948268687,3.3857999999999993,8.148756821781411,27.59,0.728647524480695,0.022798923492153986,3.3858,0.089297700689457
1,stable,0.007847599703514606,0.6666666666666666,0,0,0.1,0.1,0.2682452857039555,0.30119202450540333,0.209083415481393,0.08773177553417903,0.0767360725426664,0.017762968959714333,0.36701176114800643,0.20246904672291896,0.41960179066419817,0.2314813407975481,3.5772000000000004,8.10719415526695,29,0.5934848675035387,0.014055876397622949,3.5772,0.08845507433492779
1,stable,0.01438449888287663,0.6666666666666666,0,0,0.1,0.1,0.2682452857039555,0.30119202450540333,0.22018894714523912,0.0886425934198512,0.0865594730871074,0.018105611672749915,0.3931145237277137,0.20425408344037943,0.4025751272673171,0.20916961514460344,3.5706999999999987,7.5617325710271,27,0.6579416013443737,0.017325457824304356,3.5707,0.0895576248717242
1,stable,0.026366508987303583,0.6666666666666666,0,0,0.1,0.1,0.2682452857039555,0.30119202450540333,0.22134255937997938,0.08826859911958249,0.07539246075263738,0.015698462981114644,0.34061438958610274,0.17784878357304668,0.3987872886571784,0.2082232470514697,3.7174999999999994,6.994348269871027,26,0.6474903647852832,0.018676971121489985,3.7175,0.08916506815156837
1,stable,0.04832930238571752,0.6666666666666666,0,0,0.1,0.1,0.2682452857039555,0.30119202450540333,0.25805366547678893,0.08845957422921413,0.10585199767998468,0.018487542238185158,0.41019373812965937,0.2089942484945804,0.3427952634029559,0.17465463707238968,4.1264,6.3013345307101485,26,0.6378569963110541,0.027609020106969254,4.1264,0.0887801289351373
1,stable,0.08858667904100823,0.6666666666666666,0,0,0.1,0.1,0.2682452857039555,0.30119202450540333,0.23921310014233405,0.08948724975256196,0.09222062169125182,0.020982608091132646,0.38551660271272636,0.23447595215129435,0.374090088290801,0.22752620516245214,3.9438999999999993,5.578489133140613,22,0.6088498291352964,0.02086148220588014,3.9439,0.08994344236049832
1,stable,0.1623776739188721,0.6666666666666666,0,0,0.1,0.1,0.2682452857039555,0.30119202450540333,0.2520694879245803,0.08924840641196387,0.10870870199435333,0.01736332150563292,0.43126481863953003,0.19455049343385633,0.3540627116228648,0.15972338172646772,4.0649,5.757235677841501,23.4,0.6776099432601768,0.02506330184840651,4.0649,0.08962696333038278
1,stable,0.2976351441631319,0.6666666666666666,0,0,0.1,0.1,0.2682452857039555,0.30119202450540333,0.28031189204286744,0.09412133239091185,0.09150748119815708,0.01408142801648698,0.32644880148061306,0.14960931447509612,0.3357735974202553,0.1538828064340883,4.234199999999999,5.432418791338052,23,0.6656233210085128,0.03414536098680356,4.2341999999999995,0.09452433040604327
1,stable,0.5455594781168515,0.6666666666666666,0,0,0.1,0.1,0.2682452857039555,0.30119202450540333,0.28707893947889707,0.10170690881880894,0.09680947002464312,0.015478833029046254,0.33722247337394634,0.15219057592854215,0.3542820278054055,0.15988965774842145,4.2927,5.358555191725603,23,0.5717892001299871,0.03299553099424051,4.2927,0.10250936099876762
1,stable,1,0.6666666666666666,0,0,0.1,0.1,0.2682452857039555,0.30119202450540333,0.3334567532368556,0.11353989047181738,0.11582900217644315,0.015162371817310944,0.34735839371101107,0.1335422445301241,0.34049360035353543,0.1309030685960153,4.423400000000002,4.522921911616365,20,0.6035271600201545,0.045270762329306845,4.4234,0.11391822164111913
1,stable,1e-5,0.7777777777777777,0,0,0.1,0.1,0.2682452857039555,0.30119202450540333,0.19933500079034613,0.09104277598467382,0.08930751337212102,0.016358549381464832,0.44802725571537566,0.1796798175861711,0.45673251372662627,0.1831710319075064,3.129999999999997,10.862619808306711,34,0.7808763617355038,0.009512082230804712,3.13,0.09239625278155116
1,stable,1.8329807108324375e-5,0.7777777777777777,0,0,0.1,0.1,0.2682452857039555,0.30119202450540333,0.19852633430418856,0.08935687500114453,0.08495312558526498,0.016055902191195813,0.4279186732733251,0.17968289726996564,0.45010086603537947,0.18899719204658305,3.2702999999999993,10.090820093980778,33,0.772828169528505,0.0096340299457132,3.2703,0.09055586495908162
1,stable,3.359818286283781e-5,0.7777777777777777,0,0,0.1,0.1,0.2682452857039555,0.30119202450540333,0.19409955935201106,0.08985396551997361,0.08447019679204319,0.016553787864261996,0.4351900492409232,0.1842299087020512,0.46292719993772946,0.19597193439735547,3.0940999999999947,10.34229042697568,32,0.8059852810545992,0.009681563387425545,3.0941,0.09110742216280018
1,stable,6.158482110660267e-5,0.7777777777777777,0,0,0.1,0.1,0.2682452857039555,0.30119202450540333,0.19894108295165336,0.09228712629369873,0.08974057864719452,0.01487918445024068,0.45109123422738817,0.16122708602810418,0.46389174585988524,0.16580218976229918,3.0764000000000027,10.076801670545207,31,0.8214418067564646,0.009810400972172336,3.0764,0.09387804804297714
1,stable,1.1288378916846884e-4,0.7777777777777777,0,0,0.1,0.1,0.2682452857039555,0.30119202450540333,0.20189012996886083,0.09275879746488182,0.08522630816495214,0.02022879589380788,0.422142024367894,0.2180795401262768,0.4594518685940158,0.2373538914140907,3.097299999999996,10.331639024964344,32,0.7901394583303114,0.010472454153426874,3.0973,0.09389415132632084
1,stable,2.0691380811147902e-4,0.7777777777777777,0,0,0.1,0.1,0.2682452857039555,0.30119202450540333,0.19866686430457048,0.09100100181084192,0.08649158113647418,0.01541124105500728,0.43535987462849574,0.1693524329220206,0.4580582782608925,0.17818197855222512,3.070399999999998,12.050679706972433,37,0.8006100935894881,0.010106749055066786,3.0704,0.09213243981412617
1,stable,3.79269019073225e-4,0.7777777777777777,0,0,0.1,0.1,0.2682452857039555,0.30119202450540333,0.20891903987519184,0.09384007080647994,0.09214269125634252,0.016214110549483247,0.4410449679999895,0.17278450890047298,0.44916954846499374,0.17596740803212835,3.1847999999999996,9.105862651289321,29,0.7589530545391396,0.012843959678778343,3.1848,0.09496707998569878
1,stable,6.951927961775605e-4,0.7777777777777777,0,0,0.1,0.1,0.2682452857039555,0.30119202450540333,0.2044751579990666,0.09269062461546461,0.08720795690264325,0.01594005757390074,0.4264965864608421,0.17197054869388897,0.4533099547275456,0.18278214672195353,3.0456999999999983,9.193432391294946,28,0.7515413749555733,0.012415699220585368,3.0457,0.09351668997566027
1,stable,0.0012742749857031334,0.7777777777777777,0,0,0.1,0.1,0.2682452857039555,0.30119202450540333,0.20227137795492978,0.08701267983111813,0.07864609210871666,0.015219401089957096,0.3888147344615442,0.17491015239958418,0.4301779159803141,0.19351757578645498,3.389899999999996,7.9649437501587865,27,0.7162768205508027,0.011311548127523574,3.3899,0.0878280960981592
1,stable,0.002335721469090121,0.7777777777777777,0,0,0.1,0.1,0.2682452857039555,0.30119202450540333,0.21341559853472733,0.08923127691413059,0.08296700978047518,0.015178756984054225,0.38875794623313187,0.17010579147781454,0.4181103795916339,0.18294930749241342,3.315400000000001,9.108866988035189,30.2,0.744047529437933,0.014717255288416284,3.3154,0.08990946593161117
1,stable,0.004281332398719391,0.7777777777777777,0,0,0.1,0.1,0.2682452857039555,0.30119202450540333,0.2260312732199933,0.0911064911627047,0.0874312628613855,0.018271842768144225,0.38681046925878165,0.20055478522944123,0.4030702914018094,0.20898523217161588,3.3270999999999997,8.4159559321483,28,0.7259139502057855,0.021246152790818373,3.3271,0.09194694296734576
1,stable,0.007847599703514606,0.7777777777777777,0,0,0.1,0.1,0.2682452857039555,0.30119202450540333,0.22330707914168263,0.09082453181044871,0.0964695640065893,0.01824787738113598,0.4320040563755788,0.20091353093038122,0.40672482108291275,0.189156834790811,3.4396,8.367320791155105,28.78,0.7573322079449311,0.016957947849792664,3.4396,0.09179764430096816
1,stable,0.01438449888287663,0.7777777777777777,0,0,0.1,0.1,0.2682452857039555,0.30119202450540333,0.21947504412862087,0.08826009123455592,0.08038839576472011,0.014900521879924205,0.3662757926938126,0.16882513570403265,0.4021418088100809,0.18535662688847396,3.4562999999999984,7.5228046306285945,26,0.7518502883149657,0.019116755764674663,3.4563,0.08927922470800244
1,stable,0.026366508987303583,0.7777777777777777,0,0,0.1,0.1,0.2682452857039555,0.30119202450540333,0.22730874720263838,0.08993569348550436,0.09242755328941729,0.01615101090095247,0.40661679071690593,0.17958399246185447,0.3956543449924063,0.17474238283013943,3.589700000000001,7.521983896759018,27,0.7203745788050219,0.01902336322917255,3.5897,0.09089908645832924
1,stable,0.04832930238571752,0.7777777777777777,0,0,0.1,0.1,0.2682452857039555,0.30119202450540333,0.22789782793974372,0.09138641956718338,0.09484022244673643,0.019666801796967667,0.4161523754048776,0.21520486183955895,0.4009973258338644,0.2073677316395247,3.7422999999999997,7.5250468558339465,28.16,0.5812951186929044,0.01982863519145627,3.7423,0.09223320860316182
1,stable,0.08858667904100823,0.7777777777777777,0,0,0.1,0.1,0.2682452857039555,0.30119202450540333,0.24310888721774268,0.0921557700655228,0.10011944471176187,0.02459960095364175,0.41182963674252265,0.26693500511309737,0.37907199165032024,0.24570253085664417,3.8051999999999992,6.30757436774735,24,0.6093966031271204,0.023113608188373838,3.8052,0.09292230121887213
1,stable,0.1623776739188721,0.7777777777777777,0,0,0.1,0.1,0.2682452857039555,0.30119202450540333,0.2443386378340427,0.09100612644123347,0.08490369105590319,0.01882772208110925,0.34748368824733583,0.20688411667831078,0.37245900708935675,0.221753870143437,3.912100000000001,5.112908247801699,20,0.5435764302111422,0.024739945571280206,3.9121,0.09162838584641542
1,stable,0.2976351441631319,0.7777777777777777,0,0,0.1,0.1,0.2682452857039555,0.30119202450540333,0.25364716965643413,0.09320510438795339,0.09147247618400939,0.0145013136817934,0.36062880696799865,0.15558497334473959,0.3674596665683279,0.15853199002311935,4.070100000000002,5.89825733217866,24,0.6473506289004822,0.023047381618446224,4.0701,0.09369217083881823
1,stable,0.5455594781168515,0.7777777777777777,0,0,0.1,0.1,0.2682452857039555,0.30119202450540333,0.2745831087155353,0.10366905383317408,0.08310098353387244,0.016024335353572613,0.30264419367457895,0.15457202280787893,0.3775507325200179,0.19282967146882204,4.0448999999999975,4.868881428938106,19.69,0.5064991275489231,0.0273276906264202,4.0449,0.10397710510290954
1,stable,1,0.7777777777777777,0,0,0.1,0.1,0.2682452857039555,0.30119202450540333,0.2592169091313307,0.11002073644670853,0.06621793528772335,0.020193493320003624,0.2554537646082896,0.18354261180377465,0.42443502939450284,0.30495504325619543,3.736800000000002,5.23187005029254,19.55,0.40131330690185285,0.022928787777336566,3.7368,0.1103474385024617
1,stable,1e-5,0.8888888888888888,0,0,0.1,0.1,0.2682452857039555,0.30119202450540333,0.19764757538239067,0.09475185119357611,0.09084484169436179,0.015671415022290615,0.45963043826165534,0.16539428860629046,0.4793979941836311,0.172507483418987,2.976099999999996,11.088494843747252,33,0.814931255836662,0.010084557816180244,2.9761,0.09596766674570435
1,stable,1.8329807108324375e-5,0.8888888888888888,0,0,0.1,0.1,0.2682452857039555,0.30119202450540333,0.20702516539986712,0.0905898381780664,0.09211105168084487,0.01931370180848974,0.4449268353580747,0.21319942939434425,0.43757887116328587,0.20967844201160238,3.191500000000003,10.02687585901753,32,0.7807571118730984,0.011641031935077845,3.1915,0.09170344960958396
1,stable,3.359818286283781e-5,0.8888888888888888,0,0,0.1,0.1,0.2682452857039555,0.30119202450540333,0.201506333453384,0.0900941548195624,0.0866118443697461,0.015426461029237337,0.42982194596768186,0.1712259919651052,0.4471033405032133,0.1781102935919682,3.0710999999999977,10.745426621548404,33,0.7870738467164499,0.010652741650969149,3.0711,0.09109917887292306
1,stable,6.158482110660267e-5,0.8888888888888888,0,0,0.1,0.1,0.2682452857039555,0.30119202450540333,0.2020764746035305,0.09159925705289211,0.09201133366465855,0.016563047291962767,0.4553292699963354,0.1808207601771134,0.4532900587889203,0.18001094682887545,3.1712999999999996,10.721167390829917,34,0.7917335414718326,0.010185419324702625,3.1713,0.09297345917352577
1,stable,1.1288378916846884e-4,0.8888888888888888,0,0,0.1,0.1,0.2682452857039555,0.30119202450540333,0.19668057874450262,0.09185255969059983,0.08668274594397904,0.017840198552230308,0.4407285482751402,0.19422647133976464,0.46701387740942457,0.20581026083045403,3.0149999999999966,10.613655978697683,32,0.7708718141996271,0.009694016073259521,3.015,0.0929302546013351
1,stable,2.0691380811147902e-4,0.8888888888888888,0,0,0.1,0.1,0.2682452857039555,0.30119202450540333,0.2012243673472365,0.09044468758144968,0.08655661068312302,0.01632413007123535,0.43014974689302576,0.18048743942572312,0.44947184465674894,0.18859483917406047,3.170299999999999,10.724893945290608,34,0.7823007062462732,0.010956157617518933,3.1703,0.09164051363627435
1,stable,3.79269019073225e-4,0.8888888888888888,0,0,0.1,0.1,0.2682452857039555,0.30119202450540333,0.2017624294872717,0.09336899391007393,0.08495073630489627,0.017187621224265558,0.42104338513754586,0.18408275064867247,0.46276699853063663,0.2023245703554299,3.0744000000000016,10.734034456065528,33,0.7838898713852834,0.011138898207029697,3.0744,0.09476582126735225
1,stable,6.951927961775605e-4,0.8888888888888888,0,0,0.1,0.1,0.2682452857039555,0.30119202450540333,0.20345052488482593,0.09087075096006132,0.08420217757384296,0.01630826894698347,0.41387053496917797,0.17946664657972433,0.44664790622439327,0.1936798954241008,3.1188,9.619236542261635,30,0.752432593213809,0.011522015302482102,3.1188,0.09185278332523802
1,stable,0.0012742749857031334,0.8888888888888888,0,0,0.1,0.1,0.2682452857039555,0.30119202450540333,0.20402837001962057,0.09049118026781117,0.08832820890161297,0.01305919160028237,0.4329212103842167,0.14431452393076682,0.4435225368859684,0.14784848195924297,3.186700000000002,10.041848713083626,32,0.7800626544170646,0.011723728679419631,3.1867,0.09106599806062485
1,stable,0.002335721469090121,0.8888888888888888,0,0,0.1,0.1,0.2682452857039555,0.30119202450540333,0.20880439876241647,0.09133611772520564,0.08790674153984064,0.01799920147708879,0.42100042940121873,0.19706554127077408,0.4374242988488497,0.2047533688748011,3.247500000000001,10.881992081457016,35.34,0.774751966722339,0.01256271320033141,3.2475,0.0926636068947329
1,stable,0.004281332398719391,0.8888888888888888,0,0,0.1,0.1,0.2682452857039555,0.30119202450540333,0.21327625706632714,0.09119011808079874,0.08490147606828924,0.019881941578885887,0.3980821739659731,0.218027369602368,0.4275680722043025,0.23417663036734654,3.353700000000001,8.647258867403753,29,0.6754372038808109,0.013208457169562935,3.3537,0.09216725527509077
1,stable,0.007847599703514606,0.8888888888888888,0,0,0.1,0.1,0.2682452857039555,0.30119202450540333,0.21945885187435277,0.0927003348479348,0.09044653791755196,0.01920073561270526,0.4121343802952888,0.2071269283352866,0.422404173065704,0.21228823186364534,3.3081,9.069451582818504,30,0.7501406861540881,0.017051756963751174,3.3081,0.09419745403805464
1,stable,0.01438449888287663,0.8888888888888888,0,0,0.1,0.1,0.2682452857039555,0.30119202450540333,0.22444837588100744,0.09080558450922116,0.08649763349102872,0.015949184452297156,0.385378745341806,0.1756410086284676,0.40457225031275007,0.18438867988164506,3.4886999999999997,8.599468083489771,30,0.7184797372158183,0.01886089697644078,3.4887,0.09191499158763419
1,stable,0.026366508987303583,0.8888888888888888,0,0,0.1,0.1,0.2682452857039555,0.30119202450540333,0.22366237750959234,0.08866258912955086,0.09753086534344152,0.016886388542648165,0.4360629017245364,0.19045674966669798,0.3964126202930501,0.17313891846632418,3.643299999999996,7.136462620342321,26,0.7331214963989783,0.016297110560087473,3.6433,0.08933806971052326
1,stable,0.04832930238571752,0.8888888888888888,0,0,0.1,0.1,0.2682452857039555,0.30119202450540333,0.2213251699629341,0.09245818989922154,0.09832276499867261,0.021927341289178403,0.4442457449152257,0.2371595346294252,0.41774819336953745,0.22301387974061174,3.5295000000000014,8.783752468886966,31,0.7144959055441625,0.015398226085778665,3.5295,0.093118350302128
1,stable,0.08858667904100823,0.8888888888888888,0,0,0.1,0.1,0.2682452857039555,0.30119202450540333,0.23315159077672115,0.08998276033099321,0.09041040804415784,0.02054881431145237,0.38777521415558275,0.22836390255050487,0.3859410095861867,0.22728372491600757,3.655599999999999,7.046385344458054,25.76,0.6748718467229385,0.019634462077278047,3.6556,0.09057440950124089
1,stable,0.1623776739188721,0.8888888888888888,0,0,0.1,0.1,0.2682452857039555,0.30119202450540333,0.247261495022833,0.09281107687101314,0.09906283618248451,0.017789645974687535,0.4006399628593069,0.1916758923012089,0.3753559641886119,0.17957941302949446,3.702899999999999,7.397103752521604,27.39,0.6980302796812996,0.025222987637766633,3.7029,0.09415730528660284
1,stable,0.2976351441631319,0.8888888888888888,0,0,0.1,0.1,0.2682452857039555,0.30119202450540333,0.26748523083104614,0.09786052859891924,0.11928550493056093,0.016851867934721352,0.44595174305495094,0.17220291138819235,0.36585395124387887,0.14127339230806998,3.9611000000000014,5.806885540339357,23,0.6750636758963394,0.02514058572186932,3.9611,0.098470124538926
1,stable,0.5455594781168515,0.8888888888888888,0,0,0.1,0.1,0.2682452857039555,0.30119202450540333,0.25719130559502135,0.10114949676906516,0.07960398361157087,0.01379828973507175,0.3095127318841676,0.13641481347727002,0.39328505501013017,0.17333667373231929,3.9309999999999987,5.596830196700705,22,0.5346418368041895,0.02142218502518311,3.931,0.10185856983526675
1,stable,1,0.8888888888888888,0,0,0.1,0.1,0.2682452857039555,0.30119202450540333,0.3292540273607938,0.11611608800055678,0.08721862724013907,0.016118631395831803,0.2648976777573798,0.13881479882231748,0.352664138784604,0.18480721270070408,3.918099999999999,5.360461269750545,21,0.5758371831356629,0.04353321737726856,3.9181,0.11711107494441486
1,stable,1e-5,1,0,0,0.1,0.1,0.2682452857039555,0.30119202450540333,0.1985848461255433,0.09152052155037188,0.08229734963182757,0.016697977654037827,0.41441908200689204,0.18245063917000784,0.46086357210012663,0.2028981216131421,3.065099999999999,9.787712652322371,30,0.7723473756969097,0.010293152026055186,3.0651,0.09230527446436115
1,stable,1.8329807108324375e-5,1,0,0,0.1,0.1,0.2682452857039555,0.30119202450540333,0.19821853625974356,0.08872999772530996,0.09233099216466491,0.017992171799642177,0.46580402573286744,0.20277439716996595,0.4476372361515124,0.19486600737003437,3.212699999999998,10.894284166328067,35,0.7699175271166638,0.0098177942129778,3.2127,0.08954346369564961
1,stable,3.359818286283781e-5,1,0,0,0.1,0.1,0.2682452857039555,0.30119202450540333,0.196042134381002,0.0896989265584517,0.08790060154342565,0.015145542417475186,0.44837606885361425,0.168848647342571,0.45754922451581015,0.17230305767580914,3.077900000000003,9.422025043360529,29,0.7749772889121229,0.00937463783364835,3.0779,0.09063234028138749
1,stable,6.158482110660267e-5,1,0,0,0.1,0.1,0.2682452857039555,0.30119202450540333,0.1952193690631544,0.09011846623093346,0.07750387760962829,0.016609598893623585,0.3970091593962452,0.1843084951208622,0.46162666472802555,0.21430668252861942,3.0868000000000007,10.042819604101647,31,0.7545120446349223,0.009604687322635775,3.0868,0.09082586896933939
1,stable,1.1288378916846884e-4,1,0,0,0.1,0.1,0.2682452857039555,0.30119202450540333,0.19699230341502996,0.09123777709355549,0.0849015754021378,0.01788090793635274,0.4309893022737255,0.19598140710966253,0.46315401927826944,0.21060749287229955,3.133699999999997,9.573399669322637,30,0.7561659684756888,0.009613706379000607,3.1337,0.09212656179891834
1,stable,2.0691380811147902e-4,1,0,0,0.1,0.1,0.2682452857039555,0.30119202450540333,0.20585104852471311,0.08912392047174574,0.08816923027473418,0.015269107405382969,0.4283156724564809,0.1713244584008579,0.4329534443009947,0.1731795475338123,3.0951999999999957,9.69249674509521,30,0.7361676757755987,0.012797189273400572,3.0952,0.09023562426168309
1,stable,3.79269019073225e-4,1,0,0,0.1,0.1,0.2682452857039555,0.30119202450540333,0.19998590208852784,0.09228640700106551,0.08971350517161665,0.015035022967750793,0.44859914741341683,0.1629169826448786,0.46146456343814196,0.16758929370767178,3.1060000000000025,10.946620692358403,34,0.813633297080627,0.010191232386045595,3.106,0.09339217586910493
1,stable,6.951927961775605e-4,1,0,0,0.1,0.1,0.2682452857039555,0.30119202450540333,0.19969030399301865,0.09080725459844721,0.09435774755602593,0.015157435066777053,0.4725204262262266,0.16691876804120717,0.4547404294683327,0.160637949287388,2.994300000000001,10.6870248429734,32,0.7991556978566018,0.011719127888952175,2.9943,0.09203830110808366
1,stable,0.0012742749857031334,1,0,0,0.1,0.1,0.2682452857039555,0.30119202450540333,0.20549464755261976,0.09005779618823105,0.08951550754506707,0.01607412168989794,0.43560992274577554,0.17848673152406702,0.43824886565559085,0.17956801151806392,3.2164000000000033,9.638282127704352,31,0.7858982975810712,0.011506480931175019,3.2164,0.09089027186075775
1,stable,0.002335721469090121,1,0,0,0.1,0.1,0.2682452857039555,0.30119202450540333,0.2075255110389166,0.09061989566266408,0.08701230319388908,0.015063688325690845,0.41928485205643923,0.1662293717680495,0.4366687026043291,0.17312136068993028,3.2140999999999953,9.334295002305835,30,0.7652387537912926,0.012863838699036893,3.2140999999999997,0.09136300360915592
1,stable,0.004281332398719391,1,0,0,0.1,0.1,0.2682452857039555,0.30119202450540333,0.2009635624097441,0.09039197439443107,0.08470691498943433,0.013679711615215058,0.421503848626676,0.15133767911211649,0.4497928545381331,0.16149462670103565,3.1391999999999998,9.556766426545519,30,0.7729829585464322,0.010819860427730655,3.1391999999999998,0.09209995082596038
1,stable,0.007847599703514606,1,0,0,0.1,0.1,0.2682452857039555,0.30119202450540333,0.2082213262462658,0.0906165024888131,0.0950116888097567,0.01955669074372538,0.4563014294577361,0.21581820315940486,0.43519318660779205,0.20583457665807867,3.3718000000000017,9.787325491375096,33,0.7490881339805222,0.014287567077923448,3.3718,0.09186771225210534
1,stable,0.01438449888287663,1,0,0,0.1,0.1,0.2682452857039555,0.30119202450540333,0.2173777881802205,0.08967642973964458,0.09081827816585102,0.01973746587032606,0.4177900553968131,0.2200964727033555,0.4125372260449026,0.2173292234662475,3.3471000000000015,8.664446319157914,29,0.7418949129298722,0.016108567299359486,3.3471,0.09033577436543536
1,stable,0.026366508987303583,1,0,0,0.1,0.1,0.2682452857039555,0.30119202450540333,0.22453793023368004,0.08971166806903579,0.09757760455694442,0.015168344578890646,0.43457069571895457,0.1690788378521527,0.3995390354568223,0.15544903615704864,3.392500000000002,8.403429132741598,28.51,0.7464206626979277,0.01866456945341871,3.3925,0.09065492201248325
1,stable,0.04832930238571752,1,0,0,0.1,0.1,0.2682452857039555,0.30119202450540333,0.21515347727360967,0.09151629738998317,0.09096825309839691,0.015560822138059927,0.4228063345809327,0.17003334468121872,0.4253535594667723,0.17105772187609644,3.3793999999999973,8.286088110192049,28,0.7498606262261321,0.016736395345789377,3.3794,0.09229493965143154
1,stable,0.08858667904100823,1,0,0,0.1,0.1,0.2682452857039555,0.30119202450540333,0.21672977968896423,0.09112444035747944,0.0785326165288851,0.0170351286761877,0.36235268010510485,0.18694357528407546,0.42045186632060905,0.21691787984578362,3.390099999999998,7.964725739253553,27,0.6636634534627284,0.01815001161196952,3.3901,0.09206887558644729
1,stable,0.1623776739188721,1,0,0,0.1,0.1,0.2682452857039555,0.30119202450540333,0.22884465630281126,0.09364350694945818,0.09797366716616145,0.015107132722872244,0.4281230278609651,0.16132600342515957,0.409201195528671,0.15419584833188738,3.5519999999999987,8.268398479444977,29.37,0.6924315399311369,0.017896506135553727,3.552,0.09505658864725391
1,stable,0.2976351441631319,1,0,0,0.1,0.1,0.2682452857039555,0.30119202450540333,0.2752488212246236,0.10262844959197108,0.0990421722272743,0.015490541865130323,0.35982777977620656,0.1509380871163642,0.37285699947909534,0.15640349476164386,3.7159999999999984,7.023664284142719,26.1,0.7374604022290564,0.03369082783820734,3.716,0.1037025452844361
1,stable,0.5455594781168515,1,0,0,0.1,0.1,0.2682452857039555,0.30119202450540333,0.2524859400727606,0.10405735223737374,0.09431091843973044,0.016459396388221508,0.37352938707221567,0.15817619835909943,0.4121312743489274,0.17452270278483095,3.6044,8.323563505022557,30,0.6935598650747443,0.021938137503670456,3.6044,0.10531706788344014
1,stable,1,1,0,0,0.1,0.1,0.2682452857039555,0.30119202450540333,0.263494393920605,0.1142785461620627,0.0781264101485704,0.018112834495169552,0.2965012233699026,0.1584972429512978,0.4337038995846592,0.2318400968472118,3.4177,7.315301069942181,25,0.6210960001848257,0.022329395601044393,3.4177,0.1149098208863118
